{"train loss": 5.439242304899754, "train acc": 0.4791583199786326, "train simple acc": 0.38879328144666475, "_timestamp": 1720407568.7534044, "_runtime": 8686.578914403915, "_step": 1, "_wandb": {"runtime": 9323}}